data_medicao;parametro;repeticao;valor_nominal;tolerancia_superior;tolerancia_inferior;valor_obtido;desvio_informado;unidade;arquivo_origem;aba_origem;linha_origem;mmc_origem
2026-08-13;PLANICIDADE_REF;1;0;0.05;0;0.0021670000000000001;0.0022669999999999999;mm;Registro MMC (1).xlsx;Report;14;500008
2026-08-13;PLANICIDADE_REF;2;0;0.05;0;0.0022669999999999999;0.0022669999999999999;mm;Registro MMC (1).xlsx;Report;29;500008
2026-08-13;ENTRE CENTROS_REF;1;0;0.04;0;0.0274147;0.0274147;mm;Registro MMC (1).xlsx;Report;15;500008
2026-08-13;ENTRE CENTROS_REF;2;0;0.04;0;0.0274147;0.0274147;mm;Registro MMC (1).xlsx;Report;30;500008
2026-08-13;62P_DIÂMETRO 1;1;6.0750000000000002;0.01;-0.01;6.0787294999999997;0.0037295000000000002;mm;Registro MMC (1).xlsx;Report;16;500008
2026-08-13;62P_DIÂMETRO 1;2;6.0750000000000002;0.01;-0.01;6.0787294999999997;0.0037295000000000002;mm;Registro MMC (1).xlsx;Report;31;500008
2026-08-13;62P_POSIÇÃO 1;1;0;0.1;0;0.4295522;0.4295522;mm;Registro MMC (1).xlsx;Report;17;500008
2026-08-13;62P_POSIÇÃO 1;2;0;0.1;0;0.4295522;0.4295522;mm;Registro MMC (1).xlsx;Report;32;500008
2026-08-13;62P_DIÂMETRO 2;1;6.0750000000000002;0.01;-0.01;6.0781314000000002;0.0030314000000000001;mm;Registro MMC (1).xlsx;Report;18;500008
2026-08-13;62P_DIÂMETRO 2;2;6.0750000000000002;0.01;-0.01;6.0780314000000004;0.0030314000000000001;mm;Registro MMC (1).xlsx;Report;33;500008
2026-08-13;62P_POSIÇÃO 2;1;0;0.1;0;0.24461140000000001;0.24461140000000001;mm;Registro MMC (1).xlsx;Report;19;500008
2026-08-13;62P_POSIÇÃO 2;2;0;0.1;0;0.24461140000000001;0.24461140000000001;mm;Registro MMC (1).xlsx;Report;34;500008
2026-08-13;13P_DIÂMETRO 1;1;16.963999999999999;0.01;-0.01;16.968448200000001;0.0044482000000000002;mm;Registro MMC (1).xlsx;Report;20;500008
2026-08-13;13P_DIÂMETRO 1;2;16.963999999999999;0.01;-0.01;16.968448200000001;0.0044482000000000002;mm;Registro MMC (1).xlsx;Report;35;500008
2026-08-13;13P_POSIÇÃO 1;1;0;0.1;0;0.95904370000000005;0.95904370000000005;mm;Registro MMC (1).xlsx;Report;21;500008
2026-08-13;13P_POSIÇÃO 1;2;0;0.1;0;0.95904370000000005;0.95904370000000005;mm;Registro MMC (1).xlsx;Report;36;500008
2026-08-13;13P_DIÂMETRO 2;1;16.963999999999999;0.01;-0.01;16.9698259;0.0058259000000000002;mm;Registro MMC (1).xlsx;Report;22;500008
2026-08-13;13P_DIÂMETRO 2;2;16.963999999999999;0.01;-0.01;16.9698259;0.0058259000000000002;mm;Registro MMC (1).xlsx;Report;37;500008
2026-08-13;13P_POSIÇÃO 2;1;0;0.1;0;0.23557549999999999;0.23557549999999999;mm;Registro MMC (1).xlsx;Report;23;500008
2026-08-13;13P_POSIÇÃO 2;2;0;0.1;0;0.23557549999999999;0.23557549999999999;mm;Registro MMC (1).xlsx;Report;38;500008
2026-08-13;106P_DIÂMETRO 1;1;6.3449999999999998;0.01;-0.01;6.3463134999999999;0.0013135;mm;Registro MMC (1).xlsx;Report;24;500008
2026-08-13;106P_DIÂMETRO 1;2;6.3449999999999998;0.01;-0.01;6.3463134999999999;0.0013135;mm;Registro MMC (1).xlsx;Report;39;500008
2026-08-13;106P_POSIÇÃO 1;1;0;0.1;0;0.13268969999999999;0.13168969999999999;mm;Registro MMC (1).xlsx;Report;25;500008
2026-08-13;106P_POSIÇÃO 1;2;0;0.1;0;0.13168969999999999;0.13168969999999999;mm;Registro MMC (1).xlsx;Report;40;500008
2026-08-13;106P_DIÂMETRO 2;1;6.3449999999999998;0.01;-0.01;6.3485617000000003;0.0035617000000000001;mm;Registro MMC (1).xlsx;Report;26;500008
2026-08-13;106P_DIÂMETRO 2;2;6.3449999999999998;0.01;-0.01;6.3485617000000003;0.0035617000000000001;mm;Registro MMC (1).xlsx;Report;41;500008
2026-08-13;106P_POSIÇÃO 2;1;0;0.1;0;0.86775800000000003;0.86775800000000003;mm;Registro MMC (1).xlsx;Report;27;500008
2026-08-13;106P_POSIÇÃO 2;2;0;0.1;0;0.86775800000000003;0.86775800000000003;mm;Registro MMC (1).xlsx;Report;42;500008
